id;start_date;end_date;language
1;2022-01-24T07:56:44;2022-01-24T01:05:02;FRENCH
2;2022-01-24T09:26:50;2022-01-23T18:33:00;FRENCH
3;2022-01-24T04:58:54;2022-01-23T20:22:54;ENGLISH
4;2022-01-23T18:10:46;2022-01-24T01:37:47;SPANISH
5;2022-01-24T03:09:25;2022-01-24T07:53:33;ENGLISH
6;2022-01-24T09:26:25;2022-01-24T10:43:21;SPANISH
7;2022-01-23T18:48:45;2022-01-24T07:29:32;ENGLISH
8;2022-01-23T16:20:04;2022-01-24T00:20:13;ENGLISH
9;2022-01-24T02:08:10;2022-01-24T10:32:48;FRENCH
10;2022-01-24T05:26:19;2022-01-24T02:42:34;SPANISH
